{
  "reaction": {
    "name": "co_oh_to_hoco",
    "reactant": {
      "symbols": [
        "C",
        "O",
        "O",
        "H"
      ],
      "coords": [
        [
          -0.660728,
          -3.63251,
          2.530941
        ],
        [
          -1.344469,
          -4.476902,
          2.815489
        ],
        [
          -0.223052,
          -0.954959,
          1.585589
        ],
        [
          0.38617,
          -1.594747,
          1.143076
        ]
      ],
      "comment": "co_oh_reac"
    },
    "product": {
      "symbols": [
        "C",
        "O",
        "O",
        "H"
      ],
      "coords": [
        [
          -0.490611,
          -1.393867,
          2.07541
        ],
        [
          0.512726,
          -0.803363,
          2.296209
        ],
        [
          -0.772778,
          -2.636659,
          2.340323
        ],
        [
          -1.74401,
          -2.812026,
          2.160181
        ]
      ],
      "comment": "co_oh_reac"
    },
    "ts_seed": {
      "symbols": [
        "C",
        "O",
        "O",
        "H"
      ],
      "coords": [
        [
          1.334747,
          -0.941015,
          3.577721
        ],
        [
          1.54204,
          -0.164573,
          4.364391
        ],
        [
          0.0796,
          -0.589085,
          2.035843
        ],
        [
          0.436506,
          -1.285048,
          1.417228
        ]
      ],
      "comment": "co_oh_ts"
    },
    "reactive_indices": {
      "p": [
        0,
        1
      ],
      "rc": [
        0,
        1
      ],
      "ts": [
        0,
        1
      ]
    },
    "reaction_axis_atoms": [
      0,
      1
    ]
  },
  "surface_spec": {
    "waters_n": 28,
    "radius": 8.0,
    "core_fraction": 0.5,
    "random_seed": 42,
    "harmonic_k": 0.0
  },
  "n_evaluated": 5,
  "best_barriers": [
    7.481326594362201,
    7.4813373262734615,
    7.481384532667477,
    7.481385578801266,
    7.48262600385813
  ]
}